Abhi2011 Abhijit Nandy <abhi2001@brlcad.org>
abhi2011 Abhijit Nandy <abhi2001@brlcad.org>
adam Adam Ross <adam@brlcad.org>
andrecastelo André Castelo <andrecastelo@brlcad.org>
anrgmrty Anurag Murty <anrgmrty@brlcad.org>
bharder Brad Harder <bharder@brlcad.org>
bhinesley Brandon Hinesley <bhinesley@brlcad.org>
bob1961 Robert Parker <bobparker@brlcad.org>
bparker Robert Parker <bobparker@brlcad.org>
brlcad Christopher Sean Morrison <morrison@brlcad.org>
butler Lee Butler <butler@brlcad.org>
caen23 Cezar Elnazli <caen23@brlcad.org>
carlmoore Carl Moore <carlmoore@brlcad.org>
cjohnson Christopher Johnson <cjohnson@cyberpaladin.com>
cnuzman Carl Nuzman <cnuzman@brlcad.org>
cprecup Cristina Precup <cprecup@brlcad.org>
crdueck Chris Dueck <crdueck@brlcad.org>
d_rossberg Daniel Rossberg <d_rossberg@brlcad.org>
davidloman David Loman <davidloman@brlcad.org>
ddreeves70 David Reeves <dreeves@brlcad.org>
dgodbey David Godbey <dgodbey@brlcad.org>
dpk Douglas Kingston <dpk@brlcad.org>
dtremenak Daniel Remenak <dtremenak@brlcad.org>
ejno Jonathan Engbert <ejno@brlcad.org>
erikg Erik Greenwald <erikg@brlcad.org>
erikgreenwald Erik Greenwald <erikg@brlcad.org>
g2asc Charles Kennedy <kermit@brlcad.org>
gdurf Glenn Durfee <gdurfee@brlcad.org>
gwyn Douglas Gwyn <gwyn@brlcad.org>
hartley Robert Hartley <hartley@vt.edu>
homovulgaris Dawn Thomas <homovulgaris@brlcad.org>
iiizzzaaakkk
indianlarry Keith Boman <wkboman@brlcad.org>
irpguardian Stephen Kennedy <irpguardian@brlcad.org>
jdoliner
jehunt Jim Hunt  <jhunt@ara.com>
jgrosh John Grosh <jgrosh@brlcad.org>
jimhunt Jim Hunt  <jhunt@ara.com>
jlowens Jason Owens <jlowens@brlcad.org>
jlowenz Jason Owens <jlowens@brlcad.org>
joevalleyfield Timothy Myers <joevalleyfield@brlcad.org>
johnranderson John Anderson <jra@brlcad.org>
jordisayol Jordi Sayol <jordisayol@brlcad.org>
jra John Anderson <jra@brlcad.org>
justin Justin Shumaker <twingy@brlcad.org>
kermit Charles Kennedy <kermit@brlcad.org>
kunigami Guilherme Kunigami <kunigami@brlcad.org>
lbutler Lee Butler <butler@brlcad.org>
louipc Loui Chang <louipc@brlcad.org>
mafm Manuel Montecelo <mafm@brlcad.org>
mccarty Cormac McCarty <mccarty@brlcad.org>
merritt Don Merritt <merritt@brlcad.org>
mgillich Michael Gillich <mgillich@brlcad.org>
mike Michael John Muuss <mike@BMD70>
mjgillich Michael Gillich <mgillich@brlcad.org>
mm Michael Markowski <mm@brlcad.org>
mmark Michael Markowski <mm@brlcad.org>
mohitdaga
morrison Christopher Sean Morrison <morrison@brlcad.org>
moss Gary Moss <moss@brlcad.org>
n_reed Nicholas Reed <n_reed@brlcad.org>
pacman87 Timothy Van Ruitenbeek <pacman87@brlcad.org>
phil Phillip Dykstra <phil@brlcad.org>
phoenixyjll Wu Jianbang <phoenixyjll@brlcad.org>
pjt Paul Tanenbaum <pjt@brlcad.org>
poolio Ben Poole <poolio@brlcad.org>
popescuandrei
prasad_silva Prasad Prometheus Silva <prasad_silva@brlcad.org>
r_weiss Richard Weiss <r_weiss@brlcad.org>
ralith
rbowers Ronald Bowers <rbowers@brlcad.org>
reschly Robert Reschly <bob_reschly@brlcad.org>
root
sammy Samuel Hocevar <sammy@brlcad.org>
scoates Susan Coates <scoates@brlcad.org>
starseeker Clifford Yapp <starseeker@brlcad.org>
stay Paul Stay <pstay@brlcad.org>
steveb Stephen Buckley <steveb@brlcad.org>
sue Susanne Muuss <sue@brlcad.org>
tbrowder2 Thomas Browder <tbrowder@brlcad.org>
tcs Terry Slattery <tcs@brlcad.org>
tranese TraNese Christy <tranese@brlcad.org>
twingy Justin Shumaker <twingy@brlcad.org>
vladbogo Vlad Bogolin <vladbobo@brlcad.org>
wm William Mermagen <wm@brlcad.org>
