Abhi2011 = Abhijit Nandy <abhijit.nandy@gmail.com>
abhi2011 = Abhijit Nandy <abhijit.nandy@gmail.com>
adam = Adam Ross <adam>
agkphysics = Aaron Keesing <agkphysics@gmail.com>
andrecastelo = André Castelo <andrecastelo>
anrgmrty = Anurag Murty <anrgmrty>
bharder = Brad Harder <bharder>
bhinesley = Brandon Hinesley <bhinesley@gmail.com>
bob1961 = Robert Parker <bob1961>
bparker = Robert Parker <bob1961>
brlcad = Christopher Sean Morrison <brlcad@gmail.com>
butler = Lee Butler <iraytrace@users.noreply.github.com>
caen23 = Cezar El-Nazli <cezar.elnazli2@gmail.com>
carlmoore = Carl Moore <carlmoore>
cjohnson = Christopher Johnson <cjohnson@cyberpaladin.com>
cnuzman = Carl Nuzman <cnuzman>
cprecup = Cristina Precup <cprecup>
crdueck = Chris Dueck <crdueck>
d_rossberg = Daniel Rossberg <drossberg@users.noreply.github.com>
davidloman = David Loman <davidloman>
ddreeves70 = David Reeves <ddreeves70>
dgodbey = David Godbey <dgodbey>
dhoward = Doug Howard <dhoward>
dpk = Douglas Kingston <dpk>
dtremenak = Daniel Remenak <dtremenak>
ebautu = Elena Bautu <ebautu>
ejno = Jonathan Engbert <5529404+ejno@users.noreply.github.com>
erikg = Erik Greenwald <erik@elfga.com>
erikgreenwald = Erik Greenwald <erik@elfga.com>
g2asc = Charles Kennedy <kermit@brlcad.org>
gabbar1947 = Shubham Rathore <shubhamrathore1947@gmail.com>
gdurf = Glenn Durfee <gdurf>
gwyn = Douglas Gwyn <gwyn>
hartley = Robert Hartley <hartley@vt.edu>
homovulgaris = Dawn Thomas <homovulgaris>
iiizzzaaakkk = Isacc Kamga <iiizzzaaakkk>
indianlarry = Keith Boman <indianlarry>
irpguardian = Stephen Kennedy <irpguardian>
jdoliner = Joe Doliner <jdoliner>
jehunt = Jim Hunt  <jhunt@ara.com>
jgrosh = John Grosh <jgrosh>
jimhunt = Jim Hunt  <jhunt@ara.com>
jlowens = Jason Owens <jlowens>
jlowenz = Jason Owens <jlowens>
joevalleyfield = Timothy Myers <joevalleyfield>
johnranderson = John Anderson <jra@arl.army.mil>
jordisayol = Jordi Sayol <jordisayol>
jra = John Anderson <jra@arl.army.mil>
j-schulte = Johannes Schulte <j-schulte>
justin = Justin Shumaker <twingy>
kermit = Charles Kennedy <kermit@brlcad.org>
kunigami = Guilherme Kunigami <kunigami>
lbutler = Lee Butler <iraytrace@users.noreply.github.com>
louipc = Loui Chang <louipc>
mafm = Manuel Montecelo <mafm>
maths22 = Jacob Burroughs <maths22@gmail.com>
mccarty = Cormac McCarty <mccarty>
mdtwenty = Marco da Silva Domingues <mdtwenty>
mendesr = Roger Mendes <mendesr>
merritt = Don Merritt <merritt>
mgillich = Michael Gillich <mgillich>
mike = Michael John Muuss <mike>
mjgillich = Michael Gillich <mgillich>
mm = Michael Markowski <mm>
mmark = Michael Markowski <michael.markowski@arl.army.mil>
mohitdaga = Mohit Daga <mohitdaga>
morrison = Christopher Sean Morrison <brlcad@gmail.com>
moss = Gary Moss <moss>
n_reed = Nicholas Reed <n_reed>
pacman87 = Timothy Van Ruitenbeek <pacman87>
peter-sa = Peter Amidon <peter-sa>
phil = Phillip Dykstra <phil>
phoenixyjll = Wu Jianbang <phoenixyjll>
pjt = Paul Tanenbaum <pjt>
poolio = Ben Poole <poolio>
popescuandrei = Andrei-Constantin Popescu <popescuandrei>
prasad_silva = Prasad Prometheus Silva <prasad_silva>
r_weiss = Richard Weiss <r_weiss>
ralith = Benjamin Saunders <ralith>
rbowers = Ronald Bowers <rbowers>
reschly = Robert Reschly <reschly>
ronaldbowers = Ronald Bowers <ronaldbowers>
root = root <gitroot@brlcad.org>
sammy = Samuel Hocevar <sammy>
scoates = Susan Coates <scoates>
sharannyn = Saran Narayan <sharannyn>
starseeker = Clifford Yapp <238416+starseeker@users.noreply.github.com>
stay = Paul Stay <stay>
stebich = Armin Stebich <stebich>
stefanmirea = Stefan Mirea <stefanmirea>
steveb = Stephen Buckley <steveb>
sue = Susanne Muuss <sue>
tbrowder2 = Thomas Browder <tom.browder@gmail.com>
tcs = Terry Slattery <tcs>
tossup = tossup <tossup@brlcad.org>
tranese = TraNese Christy <tranese>
twingy = Justin Shumaker <twingy>
vasco_costa = Vasco Alexandre da Silva Costa <1638760+vcosta@users.noreply.github.com>
vladbogo = Vlad Bogolin <vladbogolin@gmail.com>
wm = William Mermagen <wm>
zhaoanqing = Zhao Anqing <zhaoanqing>
